# FILE: /_redirects  (AGGIORNA/UNISCI con i tuoi esistenti)
# Vecchi percorsi → percorsi canonici
/signup.html                 /login.html?mode=signup                                301
/iscrizione-cliente.html     /login.html?mode=signup                                301
/signin.html                 /login.html                                            301
/register.html               /login.html?mode=signup                                301
/come-funziona.html          /servizi.html                                          301
/servizi_v2.html             /servizi.html                                          301
/partner-app.html            /partner.html                                          301
/index-old.html              /                                                      301
/home                        /                                                      301
/prenota_v1.html             /prenota.html                                          301

# Aggiunte per area partner
/profilo.html                /partner-dashboard.html                                 301
/dashboard.html              /partner-dashboard.html                                 301
/partner-login               /partner-login.html                                     301
/partner-dashboard           /partner-dashboard.html                                 301

# Importante: non toccare /admin (Netlify CMS)
/admin/*                     /admin/index.html                                      200
